-- MySQL dump 10.13  Distrib 5.7.18, for Linux (x86_64)
--
-- Host: localhost    Database: chat
-- ------------------------------------------------------
-- Server version	5.7.18-0ubuntu0.16.04.1

/*!40101 SET @OLD_CHARACTER_SET_CLIENT=@@CHARACTER_SET_CLIENT */;
/*!40101 SET @OLD_CHARACTER_SET_RESULTS=@@CHARACTER_SET_RESULTS */;
/*!40101 SET @OLD_COLLATION_CONNECTION=@@COLLATION_CONNECTION */;
/*!40101 SET NAMES utf8 */;
/*!40103 SET @OLD_TIME_ZONE=@@TIME_ZONE */;
/*!40103 SET TIME_ZONE='+00:00' */;
/*!40014 SET @OLD_UNIQUE_CHECKS=@@UNIQUE_CHECKS, UNIQUE_CHECKS=0 */;
/*!40014 SET @OLD_FOREIGN_KEY_CHECKS=@@FOREIGN_KEY_CHECKS, FOREIGN_KEY_CHECKS=0 */;
/*!40101 SET @OLD_SQL_MODE=@@SQL_MODE, SQL_MODE='NO_AUTO_VALUE_ON_ZERO' */;
/*!40111 SET @OLD_SQL_NOTES=@@SQL_NOTES, SQL_NOTES=0 */;

--
-- Table structure for table `chat_add_friend_reply`
--

DROP TABLE IF EXISTS `chat_add_friend_reply`;
/*!40101 SET @saved_cs_client     = @@character_set_client */;
/*!40101 SET character_set_client = utf8 */;
CREATE TABLE `chat_add_friend_reply` (
  `id` int(11) NOT NULL AUTO_INCREMENT,
  `userid` char(10) DEFAULT NULL,
  `friendid` char(10) DEFAULT NULL,
  `groupname` varchar(45) DEFAULT NULL,
  `validate` varchar(45) DEFAULT NULL,
  `handle` int(11) DEFAULT NULL,
  PRIMARY KEY (`id`),
  UNIQUE KEY `id_UNIQUE` (`id`),
  KEY `chat_add_friend_reply_ibfk_1` (`userid`),
  KEY `chat_add_friend_reply_ibfk_2` (`friendid`),
  CONSTRAINT `chat_add_friend_reply_ibfk_1` FOREIGN KEY (`userid`) REFERENCES `user` (`userid`) ON DELETE CASCADE,
  CONSTRAINT `chat_add_friend_reply_ibfk_2` FOREIGN KEY (`friendid`) REFERENCES `user` (`userid`) ON DELETE CASCADE
) ENGINE=InnoDB AUTO_INCREMENT=46 DEFAULT CHARSET=utf8;
/*!40101 SET character_set_client = @saved_cs_client */;

--
-- Dumping data for table `chat_add_friend_reply`
--

LOCK TABLES `chat_add_friend_reply` WRITE;
/*!40000 ALTER TABLE `chat_add_friend_reply` DISABLE KEYS */;
INSERT INTO `chat_add_friend_reply` VALUES (19,'123456','123456','123','',1),(20,'123456','123456','123','e',1),(21,'123467','123456','我的好友','312',1),(22,'123468','123456','我的好友','',1),(23,'123469','123456','我的好友','imagepath\":\"!',1),(24,'123470','123456','我的好友','',1),(25,'123471','123456','我的好友','imagepath\":\"!',1),(26,'123459','123457','我的好友','wo shi wang yu zhe',1),(27,'123461','123457','shiyou','shi you',1),(28,'123461','123457','我的好友','',1),(29,'123461','123457','shiyou','',1),(30,'123461','123457','shiyou','',1),(31,'123463','123457','我的好友','123456',1),(32,'123462','123457','我的好友','',1),(33,'123462','123457','我的好友','',1),(34,'123457','123456','shi you','',1),(35,'123457','123462','shi you','',1),(36,'123463','123457','我的好友','',1),(37,'123456','123462','我的好友','wo shi liu zheng',1),(38,'123462','123456','我的好友','312312',1),(39,'123456','123462','我的好友','werqwe',1),(40,'123456','123462','我的好友',':\"779564531@!',1),(41,'123462','123456','我的好友','123455{\"frie1',1),(42,'123456','123462','我的好友','312564531@qq1',1),(43,'123469','123456','我的好友','312',1),(44,'123472','123456','我的好友','das1',1),(45,'123456','123473','我的好友','dsadasdhttp:1',1);
/*!40000 ALTER TABLE `chat_add_friend_reply` ENABLE KEYS */;
UNLOCK TABLES;

--
-- Table structure for table `chat_friend_group`
--

DROP TABLE IF EXISTS `chat_friend_group`;
/*!40101 SET @saved_cs_client     = @@character_set_client */;
/*!40101 SET character_set_client = utf8 */;
CREATE TABLE `chat_friend_group` (
  `groupid` int(11) NOT NULL AUTO_INCREMENT,
  `userid` char(10) DEFAULT NULL,
  `groupname` varchar(45) DEFAULT NULL,
  PRIMARY KEY (`groupid`),
  KEY `userid` (`userid`),
  CONSTRAINT `userid` FOREIGN KEY (`userid`) REFERENCES `user` (`userid`) ON DELETE CASCADE ON UPDATE NO ACTION
) ENGINE=InnoDB AUTO_INCREMENT=65 DEFAULT CHARSET=utf8;
/*!40101 SET character_set_client = @saved_cs_client */;

--
-- Dumping data for table `chat_friend_group`
--

LOCK TABLES `chat_friend_group` WRITE;
/*!40000 ALTER TABLE `chat_friend_group` DISABLE KEYS */;
INSERT INTO `chat_friend_group` VALUES (17,'123456','我的好友'),(18,'123457','我的好友'),(20,'123459','我的好友'),(21,'123460','我的好友'),(22,'123461','我的好友'),(23,'123462','我的好友'),(24,'123463','我的好友'),(25,'123464','我的好友'),(50,'123465','我的好友'),(51,'123466','我的好友'),(52,'123467','我的好友'),(53,'123468','我的好友'),(54,'123469','我的好友'),(55,'123470','我的好友'),(56,'123456','我们班的妹子'),(57,'123471','我的好友'),(58,'123457','Test'),(59,'123461','shiyou'),(60,'123465','TestRename'),(63,'123472','我的好友'),(64,'123473','我的好友');
/*!40000 ALTER TABLE `chat_friend_group` ENABLE KEYS */;
UNLOCK TABLES;

--
-- Table structure for table `chat_group`
--

DROP TABLE IF EXISTS `chat_group`;
/*!40101 SET @saved_cs_client     = @@character_set_client */;
/*!40101 SET character_set_client = utf8 */;
CREATE TABLE `chat_group` (
  `groupid` char(8) NOT NULL,
  `groupname` varchar(50) NOT NULL,
  `groupimage` varchar(50) DEFAULT 'http://127.0.0.1/default_group.jpg',
  PRIMARY KEY (`groupid`)
) ENGINE=InnoDB DEFAULT CHARSET=utf8;
/*!40101 SET character_set_client = @saved_cs_client */;

--
-- Dumping data for table `chat_group`
--

LOCK TABLES `chat_group` WRITE;
/*!40000 ALTER TABLE `chat_group` DISABLE KEYS */;
INSERT INTO `chat_group` VALUES ('123455','Default','DONTDELETE'),('123456','Demo1','http://127.0.0.1/default_group.jpg'),('123457','Test1','http://127.0.0.1/default_group.jpg'),('123458','yanshi','http://127.0.0.1/default_group.jpg'),('123459','dasdsa','http://127.0.0.1/default_group.jpg'),('123460','123','http://127.0.0.1/default_group.jpg'),('123461','Demo','http://127.0.0.1/default_group.jpg'),('123462','TestGroup','http://127.0.0.1/default_group.jpg');
/*!40000 ALTER TABLE `chat_group` ENABLE KEYS */;
UNLOCK TABLES;

--
-- Table structure for table `chat_group_chatrecord`
--

DROP TABLE IF EXISTS `chat_group_chatrecord`;
/*!40101 SET @saved_cs_client     = @@character_set_client */;
/*!40101 SET character_set_client = utf8 */;
CREATE TABLE `chat_group_chatrecord` (
  `id` bigint(12) NOT NULL AUTO_INCREMENT,
  `senderid` char(10) DEFAULT NULL,
  `groupid` char(8) DEFAULT NULL,
  `content` text,
  `fontfamliy` varchar(50) DEFAULT NULL,
  `fontsize` char(3) DEFAULT NULL,
  `fontcolor` char(20) DEFAULT NULL,
  PRIMARY KEY (`id`),
  KEY `groupid` (`groupid`),
  KEY `chat_group_chatrecord_ibfk_1` (`senderid`),
  CONSTRAINT `chat_group_chatrecord_ibfk_1` FOREIGN KEY (`senderid`) REFERENCES `user` (`userid`) ON DELETE CASCADE,
  CONSTRAINT `chat_group_chatrecord_ibfk_2` FOREIGN KEY (`groupid`) REFERENCES `chat_group` (`groupid`)
) ENGINE=InnoDB DEFAULT CHARSET=utf8;
/*!40101 SET character_set_client = @saved_cs_client */;

--
-- Dumping data for table `chat_group_chatrecord`
--

LOCK TABLES `chat_group_chatrecord` WRITE;
/*!40000 ALTER TABLE `chat_group_chatrecord` DISABLE KEYS */;
/*!40000 ALTER TABLE `chat_group_chatrecord` ENABLE KEYS */;
UNLOCK TABLES;

--
-- Table structure for table `chat_group_offlinemessage`
--

DROP TABLE IF EXISTS `chat_group_offlinemessage`;
/*!40101 SET @saved_cs_client     = @@character_set_client */;
/*!40101 SET character_set_client = utf8 */;
CREATE TABLE `chat_group_offlinemessage` (
  `id` bigint(12) NOT NULL AUTO_INCREMENT,
  `senderid` char(10) DEFAULT NULL,
  `groupid` char(8) DEFAULT NULL,
  `receiverid` char(10) DEFAULT NULL,
  `content` text,
  `fontfamliy` varchar(50) DEFAULT NULL,
  `fontsize` char(3) DEFAULT NULL,
  `fontcolor` char(20) DEFAULT NULL,
  PRIMARY KEY (`id`),
  KEY `chat_group_offlinemessage_ibfk_1` (`senderid`),
  KEY `chat_group_offlinemessage_ibfk_2` (`receiverid`),
  KEY `chat_group_offlinemessage_ibfk_3` (`groupid`),
  CONSTRAINT `chat_group_offlinemessage_ibfk_1` FOREIGN KEY (`senderid`) REFERENCES `user` (`userid`) ON DELETE CASCADE,
  CONSTRAINT `chat_group_offlinemessage_ibfk_2` FOREIGN KEY (`receiverid`) REFERENCES `user` (`userid`) ON DELETE CASCADE,
  CONSTRAINT `chat_group_offlinemessage_ibfk_3` FOREIGN KEY (`groupid`) REFERENCES `chat_group` (`groupid`) ON DELETE CASCADE
) ENGINE=InnoDB AUTO_INCREMENT=2178 DEFAULT CHARSET=utf8;
/*!40101 SET character_set_client = @saved_cs_client */;

--
-- Dumping data for table `chat_group_offlinemessage`
--

LOCK TABLES `chat_group_offlinemessage` WRITE;
/*!40000 ALTER TABLE `chat_group_offlinemessage` DISABLE KEYS */;
INSERT INTO `chat_group_offlinemessage` VALUES (48,'123456','123457','123467','asdfsdf','Ubuntu','14','#f0f8ff'),(49,'123456','123457','123468','asdfsdf','Ubuntu','14','#f0f8ff'),(51,'123456','123457','123470','asdfsdf','Ubuntu','14','#f0f8ff'),(52,'123456','123457','123471','asdfsdf','Ubuntu','14','#f0f8ff'),(58,'123457','123457','123467','rqwerqwer','Ubuntu','14','#f0f8ff'),(59,'123457','123457','123468','rqwerqwer','Ubuntu','14','#f0f8ff'),(61,'123457','123457','123470','rqwerqwer','Ubuntu','14','#f0f8ff'),(62,'123457','123457','123471','rqwerqwer','Ubuntu','14','#f0f8ff'),(68,'123456','123457','123467','qrwerqwe ','Ubuntu','14','#f0f8ff'),(69,'123456','123457','123468','qrwerqwe ','Ubuntu','14','#f0f8ff'),(71,'123456','123457','123470','qrwerqwe ','Ubuntu','14','#f0f8ff'),(72,'123456','123457','123471','qrwerqwe ','Ubuntu','14','#f0f8ff'),(78,'123457','123457','123467','qrwerqwer','Ubuntu','14','#f0f8ff'),(79,'123457','123457','123468','qrwerqwer','Ubuntu','14','#f0f8ff'),(81,'123457','123457','123470','qrwerqwer','Ubuntu','14','#f0f8ff'),(82,'123457','123457','123471','qrwerqwer','Ubuntu','14','#f0f8ff'),(89,'123456','123457','123467','qwreqwerqwer','Ubuntu','14','#f0f8ff'),(90,'123456','123457','123468','qwreqwerqwer','Ubuntu','14','#f0f8ff'),(92,'123456','123457','123470','qwreqwerqwer','Ubuntu','14','#f0f8ff'),(93,'123456','123457','123471','qwreqwerqwer','Ubuntu','14','#f0f8ff'),(97,'123456','123457','123467','fasd','Ubuntu','14','#f0f8ff'),(98,'123456','123457','123468','fasd','Ubuntu','14','#f0f8ff'),(100,'123456','123457','123470','fasd','Ubuntu','14','#f0f8ff'),(101,'123456','123457','123471','fasd','Ubuntu','14','#f0f8ff'),(105,'123459','123457','123467','das','Ubuntu','14','#f0f8ff'),(106,'123459','123457','123468','das','Ubuntu','14','#f0f8ff'),(108,'123459','123457','123470','das','Ubuntu','14','#f0f8ff'),(109,'123459','123457','123471','das','Ubuntu','14','#f0f8ff'),(113,'123466','123457','123467','<img src=\":/Resource/face/62.gif\" />','Ubuntu','14','#f0f8ff'),(114,'123466','123457','123468','<img src=\":/Resource/face/62.gif\" />','Ubuntu','14','#f0f8ff'),(116,'123466','123457','123470','<img src=\":/Resource/face/62.gif\" />','Ubuntu','14','#f0f8ff'),(117,'123466','123457','123471','<img src=\":/Resource/face/62.gif\" />','Ubuntu','14','#f0f8ff'),(121,'123466','123457','123467','asdfssrc!','Ubuntu','14','#f0f8ff'),(122,'123466','123457','123468','asdfssrc!','Ubuntu','14','#f0f8ff'),(124,'123466','123457','123470','asdfssrc!','Ubuntu','14','#f0f8ff'),(125,'123466','123457','123471','asdfssrc!','Ubuntu','14','#f0f8ff'),(129,'123466','123457','123467','<img src=\":/Resource/face/39.gif\" />','Ubuntu','14','#f0f8ff'),(130,'123466','123457','123468','<img src=\":/Resource/face/39.gif\" />','Ubuntu','14','#f0f8ff'),(132,'123466','123457','123470','<img src=\":/Resource/face/39.gif\" />','Ubuntu','14','#f0f8ff'),(133,'123466','123457','123471','<img src=\":/Resource/face/39.gif\" />','Ubuntu','14','#f0f8ff'),(137,'123457','123457','123467','dasdasdasdas','Ubuntu','14','#f0f8ff'),(138,'123457','123457','123468','dasdasdasdas','Ubuntu','14','#f0f8ff'),(140,'123457','123457','123470','dasdasdasdas','Ubuntu','14','#f0f8ff'),(141,'123457','123457','123471','dasdasdasdas','Ubuntu','14','#f0f8ff'),(145,'123457','123457','123467','<img src=\":/Resource/face/67.gif\" />','Ubuntu','14','#f0f8ff'),(146,'123457','123457','123468','<img src=\":/Resource/face/67.gif\" />','Ubuntu','14','#f0f8ff'),(148,'123457','123457','123470','<img src=\":/Resource/face/67.gif\" />','Ubuntu','14','#f0f8ff'),(149,'123457','123457','123471','<img src=\":/Resource/face/67.gif\" />','Ubuntu','14','#f0f8ff'),(153,'123457','123457','123467','<img src=\":/Resource/face/60.gif\" />','Ubuntu','14','#f0f8ff'),(154,'123457','123457','123468','<img src=\":/Resource/face/60.gif\" />','Ubuntu','14','#f0f8ff'),(156,'123457','123457','123470','<img src=\":/Resource/face/60.gif\" />','Ubuntu','14','#f0f8ff'),(157,'123457','123457','123471','<img src=\":/Resource/face/60.gif\" />','Ubuntu','14','#f0f8ff'),(161,'123457','123457','123467','fasd','Ubuntu','14','#f0f8ff'),(162,'123457','123457','123468','fasd','Ubuntu','14','#f0f8ff'),(164,'123457','123457','123470','fasd','Ubuntu','14','#f0f8ff'),(165,'123457','123457','123471','fasd','Ubuntu','14','#f0f8ff'),(169,'123466','123457','123467','<img src=\":/Resource/face/63.gif\" />','Ubuntu','14','#f0f8ff'),(170,'123466','123457','123468','<img src=\":/Resource/face/63.gif\" />','Ubuntu','14','#f0f8ff'),(172,'123466','123457','123470','<img src=\":/Resource/face/63.gif\" />','Ubuntu','14','#f0f8ff'),(173,'123466','123457','123471','<img src=\":/Resource/face/63.gif\" />','Ubuntu','14','#f0f8ff'),(177,'123466','123457','123467','<img src=\":/Resource/face/64.gif\" />','Ubuntu','14','#f0f8ff'),(178,'123466','123457','123468','<img src=\":/Resource/face/64.gif\" />','Ubuntu','14','#f0f8ff'),(180,'123466','123457','123470','<img src=\":/Resource/face/64.gif\" />','Ubuntu','14','#f0f8ff'),(181,'123466','123457','123471','<img src=\":/Resource/face/64.gif\" />','Ubuntu','14','#f0f8ff'),(185,'123456','123457','123467','fasdfsdf ','Ubuntu','14','#f0f8ff'),(186,'123456','123457','123468','fasdfsdf ','Ubuntu','14','#f0f8ff'),(188,'123456','123457','123470','fasdfsdf ','Ubuntu','14','#f0f8ff'),(189,'123456','123457','123471','fasdfsdf ','Ubuntu','14','#f0f8ff'),(193,'123466','123457','123467','fasdfasd ','Ubuntu','14','#f0f8ff'),(194,'123466','123457','123468','fasdfasd ','Ubuntu','14','#f0f8ff'),(196,'123466','123457','123470','fasdfasd ','Ubuntu','14','#f0f8ff'),(197,'123466','123457','123471','fasdfasd ','Ubuntu','14','#f0f8ff'),(201,'123457','123457','123467','afsdfasdf','Ubuntu','14','#f0f8ff'),(202,'123457','123457','123468','afsdfasdf','Ubuntu','14','#f0f8ff'),(204,'123457','123457','123470','afsdfasdf','Ubuntu','14','#f0f8ff'),(205,'123457','123457','123471','afsdfasdf','Ubuntu','14','#f0f8ff'),(213,'123456','123457','123467','fasdf','Ubuntu','14','#f0f8ff'),(214,'123456','123457','123468','fasdf','Ubuntu','14','#f0f8ff'),(216,'123456','123457','123470','fasdf','Ubuntu','14','#f0f8ff'),(217,'123456','123457','123471','fasdf','Ubuntu','14','#f0f8ff'),(222,'123457','123457','123467','afsdfasdf','Ubuntu','14','#f0f8ff'),(223,'123457','123457','123468','afsdfasdf','Ubuntu','14','#f0f8ff'),(225,'123457','123457','123470','afsdfasdf','Ubuntu','14','#f0f8ff'),(226,'123457','123457','123471','afsdfasdf','Ubuntu','14','#f0f8ff'),(231,'123457','123457','123467','fasdfasd','Ubuntu','14','#f0f8ff'),(232,'123457','123457','123468','fasdfasd','Ubuntu','14','#f0f8ff'),(234,'123457','123457','123470','fasdfasd','Ubuntu','14','#f0f8ff'),(235,'123457','123457','123471','fasdfasd','Ubuntu','14','#f0f8ff'),(240,'123459','123457','123467','fsadfsdf','Ubuntu','14','#f0f8ff'),(241,'123459','123457','123468','fsadfsdf','Ubuntu','14','#f0f8ff'),(243,'123459','123457','123470','fsadfsdf','Ubuntu','14','#f0f8ff'),(244,'123459','123457','123471','fsadfsdf','Ubuntu','14','#f0f8ff'),(249,'123456','123457','123467','afsdaf','Ubuntu','14','#f0f8ff'),(250,'123456','123457','123468','afsdaf','Ubuntu','14','#f0f8ff'),(252,'123456','123457','123470','afsdaf','Ubuntu','14','#f0f8ff'),(253,'123456','123457','123471','afsdaf','Ubuntu','14','#f0f8ff'),(258,'123457','123457','123467','fasdf','Ubuntu','14','#f0f8ff'),(259,'123457','123457','123468','fasdf','Ubuntu','14','#f0f8ff'),(261,'123457','123457','123470','fasdf','Ubuntu','14','#f0f8ff'),(262,'123457','123457','123471','fasdf','Ubuntu','14','#f0f8ff'),(267,'123457','123457','123467','fasdfa','Ubuntu','14','#f0f8ff'),(268,'123457','123457','123468','fasdfa','Ubuntu','14','#f0f8ff'),(270,'123457','123457','123470','fasdfa','Ubuntu','14','#f0f8ff'),(271,'123457','123457','123471','fasdfa','Ubuntu','14','#f0f8ff'),(276,'123459','123457','123467','<img src=\":/Resource/face/62.gif\" />','Ubuntu','14','#f0f8ff'),(277,'123459','123457','123468','<img src=\":/Resource/face/62.gif\" />','Ubuntu','14','#f0f8ff'),(279,'123459','123457','123470','<img src=\":/Resource/face/62.gif\" />','Ubuntu','14','#f0f8ff'),(280,'123459','123457','123471','<img src=\":/Resource/face/62.gif\" />','Ubuntu','14','#f0f8ff'),(285,'123459','123457','123467','<img src=\":/Resource/face/27.gif\" />','Ubuntu','14','#f0f8ff'),(286,'123459','123457','123468','<img src=\":/Resource/face/27.gif\" />','Ubuntu','14','#f0f8ff'),(288,'123459','123457','123470','<img src=\":/Resource/face/27.gif\" />','Ubuntu','14','#f0f8ff'),(289,'123459','123457','123471','<img src=\":/Resource/face/27.gif\" />','Ubuntu','14','#f0f8ff'),(294,'123459','123457','123467','<img src=\":/Resource/face/49.gif\" />','Ubuntu','14','#f0f8ff'),(295,'123459','123457','123468','<img src=\":/Resource/face/49.gif\" />','Ubuntu','14','#f0f8ff'),(297,'123459','123457','123470','<img src=\":/Resource/face/49.gif\" />','Ubuntu','14','#f0f8ff'),(298,'123459','123457','123471','<img src=\":/Resource/face/49.gif\" />','Ubuntu','14','#f0f8ff'),(303,'123459','123457','123467','fasdfsadf','Ubuntu','14','#f0f8ff'),(304,'123459','123457','123468','fasdfsadf','Ubuntu','14','#f0f8ff'),(306,'123459','123457','123470','fasdfsadf','Ubuntu','14','#f0f8ff'),(307,'123459','123457','123471','fasdfsadf','Ubuntu','14','#f0f8ff'),(312,'123459','123457','123467','fasdfsadf','Ubuntu','14','#f0f8ff'),(313,'123459','123457','123468','fasdfsadf','Ubuntu','14','#f0f8ff'),(315,'123459','123457','123470','fasdfsadf','Ubuntu','14','#f0f8ff'),(316,'123459','123457','123471','fasdfsadf','Ubuntu','14','#f0f8ff'),(321,'123459','123457','123467','fasdfsad','Ubuntu','14','#f0f8ff'),(322,'123459','123457','123468','fasdfsad','Ubuntu','14','#f0f8ff'),(324,'123459','123457','123470','fasdfsad','Ubuntu','14','#f0f8ff'),(325,'123459','123457','123471','fasdfsad','Ubuntu','14','#f0f8ff'),(330,'123459','123457','123467','fasdf','Ubuntu','14','#f0f8ff'),(331,'123459','123457','123468','fasdf','Ubuntu','14','#f0f8ff'),(333,'123459','123457','123470','fasdf','Ubuntu','14','#f0f8ff'),(334,'123459','123457','123471','fasdf','Ubuntu','14','#f0f8ff'),(339,'123459','123457','123467','asd','Ubuntu','14','#f0f8ff'),(340,'123459','123457','123468','asd','Ubuntu','14','#f0f8ff'),(342,'123459','123457','123470','asd','Ubuntu','14','#f0f8ff'),(343,'123459','123457','123471','asd','Ubuntu','14','#f0f8ff'),(348,'123459','123457','123467','fsd','Ubuntu','14','#f0f8ff'),(349,'123459','123457','123468','fsd','Ubuntu','14','#f0f8ff'),(351,'123459','123457','123470','fsd','Ubuntu','14','#f0f8ff'),(352,'123459','123457','123471','fsd','Ubuntu','14','#f0f8ff'),(357,'123459','123457','123467','af','Ubuntu','14','#f0f8ff'),(358,'123459','123457','123468','af','Ubuntu','14','#f0f8ff'),(360,'123459','123457','123470','af','Ubuntu','14','#f0f8ff'),(361,'123459','123457','123471','af','Ubuntu','14','#f0f8ff'),(366,'123459','123457','123467','sadf','Ubuntu','14','#f0f8ff'),(367,'123459','123457','123468','sadf','Ubuntu','14','#f0f8ff'),(369,'123459','123457','123470','sadf','Ubuntu','14','#f0f8ff'),(370,'123459','123457','123471','sadf','Ubuntu','14','#f0f8ff'),(375,'123459','123457','123467','sd','Ubuntu','14','#f0f8ff'),(376,'123459','123457','123468','sd','Ubuntu','14','#f0f8ff'),(378,'123459','123457','123470','sd','Ubuntu','14','#f0f8ff'),(379,'123459','123457','123471','sd','Ubuntu','14','#f0f8ff'),(384,'123459','123457','123467','afasdf','Ubuntu','14','#f0f8ff'),(385,'123459','123457','123468','afasdf','Ubuntu','14','#f0f8ff'),(387,'123459','123457','123470','afasdf','Ubuntu','14','#f0f8ff'),(388,'123459','123457','123471','afasdf','Ubuntu','14','#f0f8ff'),(393,'123459','123457','123467','asdf','Ubuntu','14','#f0f8ff'),(394,'123459','123457','123468','asdf','Ubuntu','14','#f0f8ff'),(396,'123459','123457','123470','asdf','Ubuntu','14','#f0f8ff'),(397,'123459','123457','123471','asdf','Ubuntu','14','#f0f8ff'),(402,'123459','123457','123467','sad','Ubuntu','14','#f0f8ff'),(403,'123459','123457','123468','sad','Ubuntu','14','#f0f8ff'),(405,'123459','123457','123470','sad','Ubuntu','14','#f0f8ff'),(406,'123459','123457','123471','sad','Ubuntu','14','#f0f8ff'),(411,'123459','123457','123467','fsad','Ubuntu','14','#f0f8ff'),(412,'123459','123457','123468','fsad','Ubuntu','14','#f0f8ff'),(414,'123459','123457','123470','fsad','Ubuntu','14','#f0f8ff'),(415,'123459','123457','123471','fsad','Ubuntu','14','#f0f8ff'),(420,'123459','123457','123467','fsd','Ubuntu','14','#f0f8ff'),(421,'123459','123457','123468','fsd','Ubuntu','14','#f0f8ff'),(423,'123459','123457','123470','fsd','Ubuntu','14','#f0f8ff'),(424,'123459','123457','123471','fsd','Ubuntu','14','#f0f8ff'),(429,'123459','123457','123467','f','Ubuntu','14','#f0f8ff'),(430,'123459','123457','123468','f','Ubuntu','14','#f0f8ff'),(432,'123459','123457','123470','f','Ubuntu','14','#f0f8ff'),(433,'123459','123457','123471','f','Ubuntu','14','#f0f8ff'),(438,'123459','123457','123467','sadf','Ubuntu','14','#f0f8ff'),(439,'123459','123457','123468','sadf','Ubuntu','14','#f0f8ff'),(441,'123459','123457','123470','sadf','Ubuntu','14','#f0f8ff'),(442,'123459','123457','123471','sadf','Ubuntu','14','#f0f8ff'),(447,'123459','123457','123467','asd','Ubuntu','14','#f0f8ff'),(448,'123459','123457','123468','asd','Ubuntu','14','#f0f8ff'),(450,'123459','123457','123470','asd','Ubuntu','14','#f0f8ff'),(451,'123459','123457','123471','asd','Ubuntu','14','#f0f8ff'),(456,'123459','123457','123467','fasd','Ubuntu','14','#f0f8ff'),(457,'123459','123457','123468','fasd','Ubuntu','14','#f0f8ff'),(459,'123459','123457','123470','fasd','Ubuntu','14','#f0f8ff'),(460,'123459','123457','123471','fasd','Ubuntu','14','#f0f8ff'),(465,'123459','123457','123467','f','Ubuntu','14','#f0f8ff'),(466,'123459','123457','123468','f','Ubuntu','14','#f0f8ff'),(468,'123459','123457','123470','f','Ubuntu','14','#f0f8ff'),(469,'123459','123457','123471','f','Ubuntu','14','#f0f8ff'),(474,'123459','123457','123467','asdf','Ubuntu','14','#f0f8ff'),(475,'123459','123457','123468','asdf','Ubuntu','14','#f0f8ff'),(477,'123459','123457','123470','asdf','Ubuntu','14','#f0f8ff'),(478,'123459','123457','123471','asdf','Ubuntu','14','#f0f8ff'),(483,'123459','123457','123467','asdf','Ubuntu','14','#f0f8ff'),(484,'123459','123457','123468','asdf','Ubuntu','14','#f0f8ff'),(486,'123459','123457','123470','asdf','Ubuntu','14','#f0f8ff'),(487,'123459','123457','123471','asdf','Ubuntu','14','#f0f8ff'),(492,'123459','123457','123467','asd','Ubuntu','14','#f0f8ff'),(493,'123459','123457','123468','asd','Ubuntu','14','#f0f8ff'),(495,'123459','123457','123470','asd','Ubuntu','14','#f0f8ff'),(496,'123459','123457','123471','asd','Ubuntu','14','#f0f8ff'),(501,'123459','123457','123467','fasd','Ubuntu','14','#f0f8ff'),(502,'123459','123457','123468','fasd','Ubuntu','14','#f0f8ff'),(504,'123459','123457','123470','fasd','Ubuntu','14','#f0f8ff'),(505,'123459','123457','123471','fasd','Ubuntu','14','#f0f8ff'),(510,'123459','123457','123467','f','Ubuntu','14','#f0f8ff'),(511,'123459','123457','123468','f','Ubuntu','14','#f0f8ff'),(513,'123459','123457','123470','f','Ubuntu','14','#f0f8ff'),(514,'123459','123457','123471','f','Ubuntu','14','#f0f8ff'),(519,'123459','123457','123467','sadf','Ubuntu','14','#f0f8ff'),(520,'123459','123457','123468','sadf','Ubuntu','14','#f0f8ff'),(522,'123459','123457','123470','sadf','Ubuntu','14','#f0f8ff'),(523,'123459','123457','123471','sadf','Ubuntu','14','#f0f8ff'),(528,'123459','123457','123467','sdf','Ubuntu','14','#f0f8ff'),(529,'123459','123457','123468','sdf','Ubuntu','14','#f0f8ff'),(531,'123459','123457','123470','sdf','Ubuntu','14','#f0f8ff'),(532,'123459','123457','123471','sdf','Ubuntu','14','#f0f8ff'),(537,'123459','123457','123467','asd','Ubuntu','14','#f0f8ff'),(538,'123459','123457','123468','asd','Ubuntu','14','#f0f8ff'),(540,'123459','123457','123470','asd','Ubuntu','14','#f0f8ff'),(541,'123459','123457','123471','asd','Ubuntu','14','#f0f8ff'),(546,'123459','123457','123467','fasd','Ubuntu','14','#f0f8ff'),(547,'123459','123457','123468','fasd','Ubuntu','14','#f0f8ff'),(549,'123459','123457','123470','fasd','Ubuntu','14','#f0f8ff'),(550,'123459','123457','123471','fasd','Ubuntu','14','#f0f8ff'),(555,'123459','123457','123467','f','Ubuntu','14','#f0f8ff'),(556,'123459','123457','123468','f','Ubuntu','14','#f0f8ff'),(558,'123459','123457','123470','f','Ubuntu','14','#f0f8ff'),(559,'123459','123457','123471','f','Ubuntu','14','#f0f8ff'),(564,'123459','123457','123467','asdf','Ubuntu','14','#f0f8ff'),(565,'123459','123457','123468','asdf','Ubuntu','14','#f0f8ff'),(567,'123459','123457','123470','asdf','Ubuntu','14','#f0f8ff'),(568,'123459','123457','123471','asdf','Ubuntu','14','#f0f8ff'),(573,'123459','123457','123467','sd','Ubuntu','14','#f0f8ff'),(574,'123459','123457','123468','sd','Ubuntu','14','#f0f8ff'),(576,'123459','123457','123470','sd','Ubuntu','14','#f0f8ff'),(577,'123459','123457','123471','sd','Ubuntu','14','#f0f8ff'),(582,'123459','123457','123467','fs','Ubuntu','14','#f0f8ff'),(583,'123459','123457','123468','fs','Ubuntu','14','#f0f8ff'),(585,'123459','123457','123470','fs','Ubuntu','14','#f0f8ff'),(586,'123459','123457','123471','fs','Ubuntu','14','#f0f8ff'),(591,'123459','123457','123467','adf','Ubuntu','14','#f0f8ff'),(592,'123459','123457','123468','adf','Ubuntu','14','#f0f8ff'),(594,'123459','123457','123470','adf','Ubuntu','14','#f0f8ff'),(595,'123459','123457','123471','adf','Ubuntu','14','#f0f8ff'),(600,'123459','123457','123467','sdf','Ubuntu','14','#f0f8ff'),(601,'123459','123457','123468','sdf','Ubuntu','14','#f0f8ff'),(603,'123459','123457','123470','sdf','Ubuntu','14','#f0f8ff'),(604,'123459','123457','123471','sdf','Ubuntu','14','#f0f8ff'),(609,'123459','123457','123467','ads','Ubuntu','14','#f0f8ff'),(610,'123459','123457','123468','ads','Ubuntu','14','#f0f8ff'),(612,'123459','123457','123470','ads','Ubuntu','14','#f0f8ff'),(613,'123459','123457','123471','ads','Ubuntu','14','#f0f8ff'),(618,'123459','123457','123467','fas','Ubuntu','14','#f0f8ff'),(619,'123459','123457','123468','fas','Ubuntu','14','#f0f8ff'),(621,'123459','123457','123470','fas','Ubuntu','14','#f0f8ff'),(622,'123459','123457','123471','fas','Ubuntu','14','#f0f8ff'),(627,'123459','123457','123467','f','Ubuntu','14','#f0f8ff'),(628,'123459','123457','123468','f','Ubuntu','14','#f0f8ff'),(630,'123459','123457','123470','f','Ubuntu','14','#f0f8ff'),(631,'123459','123457','123471','f','Ubuntu','14','#f0f8ff'),(636,'123459','123457','123467','sadf','Ubuntu','14','#f0f8ff'),(637,'123459','123457','123468','sadf','Ubuntu','14','#f0f8ff'),(639,'123459','123457','123470','sadf','Ubuntu','14','#f0f8ff'),(640,'123459','123457','123471','sadf','Ubuntu','14','#f0f8ff'),(645,'123459','123457','123467','sad','Ubuntu','14','#f0f8ff'),(646,'123459','123457','123468','sad','Ubuntu','14','#f0f8ff'),(648,'123459','123457','123470','sad','Ubuntu','14','#f0f8ff'),(649,'123459','123457','123471','sad','Ubuntu','14','#f0f8ff'),(654,'123459','123457','123467','fa','Ubuntu','14','#f0f8ff'),(655,'123459','123457','123468','fa','Ubuntu','14','#f0f8ff'),(657,'123459','123457','123470','fa','Ubuntu','14','#f0f8ff'),(658,'123459','123457','123471','fa','Ubuntu','14','#f0f8ff'),(663,'123459','123457','123467','sdf','Ubuntu','14','#f0f8ff'),(664,'123459','123457','123468','sdf','Ubuntu','14','#f0f8ff'),(666,'123459','123457','123470','sdf','Ubuntu','14','#f0f8ff'),(667,'123459','123457','123471','sdf','Ubuntu','14','#f0f8ff'),(672,'123459','123457','123467','sda','Ubuntu','14','#f0f8ff'),(673,'123459','123457','123468','sda','Ubuntu','14','#f0f8ff'),(675,'123459','123457','123470','sda','Ubuntu','14','#f0f8ff'),(676,'123459','123457','123471','sda','Ubuntu','14','#f0f8ff'),(681,'123459','123457','123467','fsda','Ubuntu','14','#f0f8ff'),(682,'123459','123457','123468','fsda','Ubuntu','14','#f0f8ff'),(684,'123459','123457','123470','fsda','Ubuntu','14','#f0f8ff'),(685,'123459','123457','123471','fsda','Ubuntu','14','#f0f8ff'),(690,'123459','123457','123467','f','Ubuntu','14','#f0f8ff'),(691,'123459','123457','123468','f','Ubuntu','14','#f0f8ff'),(693,'123459','123457','123470','f','Ubuntu','14','#f0f8ff'),(694,'123459','123457','123471','f','Ubuntu','14','#f0f8ff'),(699,'123459','123457','123467','sadf','Ubuntu','14','#f0f8ff'),(700,'123459','123457','123468','sadf','Ubuntu','14','#f0f8ff'),(702,'123459','123457','123470','sadf','Ubuntu','14','#f0f8ff'),(703,'123459','123457','123471','sadf','Ubuntu','14','#f0f8ff'),(708,'123459','123457','123467','sdf','Ubuntu','14','#f0f8ff'),(709,'123459','123457','123468','sdf','Ubuntu','14','#f0f8ff'),(711,'123459','123457','123470','sdf','Ubuntu','14','#f0f8ff'),(712,'123459','123457','123471','sdf','Ubuntu','14','#f0f8ff'),(717,'123459','123457','123467','asd','Ubuntu','14','#f0f8ff'),(718,'123459','123457','123468','asd','Ubuntu','14','#f0f8ff'),(720,'123459','123457','123470','asd','Ubuntu','14','#f0f8ff'),(721,'123459','123457','123471','asd','Ubuntu','14','#f0f8ff'),(726,'123459','123457','123467','f','Ubuntu','14','#f0f8ff'),(727,'123459','123457','123468','f','Ubuntu','14','#f0f8ff'),(729,'123459','123457','123470','f','Ubuntu','14','#f0f8ff'),(730,'123459','123457','123471','f','Ubuntu','14','#f0f8ff'),(735,'123459','123457','123467','asdf','Ubuntu','14','#f0f8ff'),(736,'123459','123457','123468','asdf','Ubuntu','14','#f0f8ff'),(738,'123459','123457','123470','asdf','Ubuntu','14','#f0f8ff'),(739,'123459','123457','123471','asdf','Ubuntu','14','#f0f8ff'),(744,'123459','123457','123467','asdf','Ubuntu','14','#f0f8ff'),(745,'123459','123457','123468','asdf','Ubuntu','14','#f0f8ff'),(747,'123459','123457','123470','asdf','Ubuntu','14','#f0f8ff'),(748,'123459','123457','123471','asdf','Ubuntu','14','#f0f8ff'),(753,'123459','123457','123467','asdf','Ubuntu','14','#f0f8ff'),(754,'123459','123457','123468','asdf','Ubuntu','14','#f0f8ff'),(756,'123459','123457','123470','asdf','Ubuntu','14','#f0f8ff'),(757,'123459','123457','123471','asdf','Ubuntu','14','#f0f8ff'),(762,'123459','123457','123467','sda','Ubuntu','14','#f0f8ff'),(763,'123459','123457','123468','sda','Ubuntu','14','#f0f8ff'),(765,'123459','123457','123470','sda','Ubuntu','14','#f0f8ff'),(766,'123459','123457','123471','sda','Ubuntu','14','#f0f8ff'),(771,'123459','123457','123467','fsadf','Ubuntu','14','#f0f8ff'),(772,'123459','123457','123468','fsadf','Ubuntu','14','#f0f8ff'),(774,'123459','123457','123470','fsadf','Ubuntu','14','#f0f8ff'),(775,'123459','123457','123471','fsadf','Ubuntu','14','#f0f8ff'),(780,'123459','123457','123467','a','Ubuntu','14','#f0f8ff'),(781,'123459','123457','123468','a','Ubuntu','14','#f0f8ff'),(783,'123459','123457','123470','a','Ubuntu','14','#f0f8ff'),(784,'123459','123457','123471','a','Ubuntu','14','#f0f8ff'),(789,'123459','123457','123467','fasd','Ubuntu','14','#f0f8ff'),(790,'123459','123457','123468','fasd','Ubuntu','14','#f0f8ff'),(792,'123459','123457','123470','fasd','Ubuntu','14','#f0f8ff'),(793,'123459','123457','123471','fasd','Ubuntu','14','#f0f8ff'),(798,'123459','123457','123467','f','Ubuntu','14','#f0f8ff'),(799,'123459','123457','123468','f','Ubuntu','14','#f0f8ff'),(801,'123459','123457','123470','f','Ubuntu','14','#f0f8ff'),(802,'123459','123457','123471','f','Ubuntu','14','#f0f8ff'),(807,'123459','123457','123467','sdaf','Ubuntu','14','#f0f8ff'),(808,'123459','123457','123468','sdaf','Ubuntu','14','#f0f8ff'),(810,'123459','123457','123470','sdaf','Ubuntu','14','#f0f8ff'),(811,'123459','123457','123471','sdaf','Ubuntu','14','#f0f8ff'),(816,'123459','123457','123467','asd','Ubuntu','14','#f0f8ff'),(817,'123459','123457','123468','asd','Ubuntu','14','#f0f8ff'),(819,'123459','123457','123470','asd','Ubuntu','14','#f0f8ff'),(820,'123459','123457','123471','asd','Ubuntu','14','#f0f8ff'),(825,'123459','123457','123467','f','Ubuntu','14','#f0f8ff'),(826,'123459','123457','123468','f','Ubuntu','14','#f0f8ff'),(828,'123459','123457','123470','f','Ubuntu','14','#f0f8ff'),(829,'123459','123457','123471','f','Ubuntu','14','#f0f8ff'),(834,'123459','123457','123467','sadf','Ubuntu','14','#f0f8ff'),(835,'123459','123457','123468','sadf','Ubuntu','14','#f0f8ff'),(837,'123459','123457','123470','sadf','Ubuntu','14','#f0f8ff'),(838,'123459','123457','123471','sadf','Ubuntu','14','#f0f8ff'),(843,'123459','123457','123467','sad','Ubuntu','14','#f0f8ff'),(844,'123459','123457','123468','sad','Ubuntu','14','#f0f8ff'),(846,'123459','123457','123470','sad','Ubuntu','14','#f0f8ff'),(847,'123459','123457','123471','sad','Ubuntu','14','#f0f8ff'),(852,'123459','123457','123467','sd','Ubuntu','14','#f0f8ff'),(853,'123459','123457','123468','sd','Ubuntu','14','#f0f8ff'),(855,'123459','123457','123470','sd','Ubuntu','14','#f0f8ff'),(856,'123459','123457','123471','sd','Ubuntu','14','#f0f8ff'),(861,'123459','123457','123467','af','Ubuntu','14','#f0f8ff'),(862,'123459','123457','123468','af','Ubuntu','14','#f0f8ff'),(864,'123459','123457','123470','af','Ubuntu','14','#f0f8ff'),(865,'123459','123457','123471','af','Ubuntu','14','#f0f8ff'),(870,'123459','123457','123467','sdf','Ubuntu','14','#f0f8ff'),(871,'123459','123457','123468','sdf','Ubuntu','14','#f0f8ff'),(873,'123459','123457','123470','sdf','Ubuntu','14','#f0f8ff'),(874,'123459','123457','123471','sdf','Ubuntu','14','#f0f8ff'),(879,'123459','123457','123467','sda','Ubuntu','14','#f0f8ff'),(880,'123459','123457','123468','sda','Ubuntu','14','#f0f8ff'),(882,'123459','123457','123470','sda','Ubuntu','14','#f0f8ff'),(883,'123459','123457','123471','sda','Ubuntu','14','#f0f8ff'),(888,'123459','123457','123467','fa','Ubuntu','14','#f0f8ff'),(889,'123459','123457','123468','fa','Ubuntu','14','#f0f8ff'),(891,'123459','123457','123470','fa','Ubuntu','14','#f0f8ff'),(892,'123459','123457','123471','fa','Ubuntu','14','#f0f8ff'),(897,'123459','123457','123467','sdf','Ubuntu','14','#f0f8ff'),(898,'123459','123457','123468','sdf','Ubuntu','14','#f0f8ff'),(900,'123459','123457','123470','sdf','Ubuntu','14','#f0f8ff'),(901,'123459','123457','123471','sdf','Ubuntu','14','#f0f8ff'),(906,'123459','123457','123467','sdaf','Ubuntu','14','#f0f8ff'),(907,'123459','123457','123468','sdaf','Ubuntu','14','#f0f8ff'),(909,'123459','123457','123470','sdaf','Ubuntu','14','#f0f8ff'),(910,'123459','123457','123471','sdaf','Ubuntu','14','#f0f8ff'),(915,'123459','123457','123467','sda','Ubuntu','14','#f0f8ff'),(916,'123459','123457','123468','sda','Ubuntu','14','#f0f8ff'),(918,'123459','123457','123470','sda','Ubuntu','14','#f0f8ff'),(919,'123459','123457','123471','sda','Ubuntu','14','#f0f8ff'),(924,'123459','123457','123467','af','Ubuntu','14','#f0f8ff'),(925,'123459','123457','123468','af','Ubuntu','14','#f0f8ff'),(927,'123459','123457','123470','af','Ubuntu','14','#f0f8ff'),(928,'123459','123457','123471','af','Ubuntu','14','#f0f8ff'),(933,'123459','123457','123467','sda','Ubuntu','14','#f0f8ff'),(934,'123459','123457','123468','sda','Ubuntu','14','#f0f8ff'),(936,'123459','123457','123470','sda','Ubuntu','14','#f0f8ff'),(937,'123459','123457','123471','sda','Ubuntu','14','#f0f8ff'),(942,'123459','123457','123467','fs','Ubuntu','14','#f0f8ff'),(943,'123459','123457','123468','fs','Ubuntu','14','#f0f8ff'),(945,'123459','123457','123470','fs','Ubuntu','14','#f0f8ff'),(946,'123459','123457','123471','fs','Ubuntu','14','#f0f8ff'),(951,'123459','123457','123467','<br />','Ubuntu','14','#f0f8ff'),(952,'123459','123457','123468','<br />','Ubuntu','14','#f0f8ff'),(954,'123459','123457','123470','<br />','Ubuntu','14','#f0f8ff'),(955,'123459','123457','123471','<br />','Ubuntu','14','#f0f8ff'),(960,'123459','123457','123467','fas','Ubuntu','14','#f0f8ff'),(961,'123459','123457','123468','fas','Ubuntu','14','#f0f8ff'),(963,'123459','123457','123470','fas','Ubuntu','14','#f0f8ff'),(964,'123459','123457','123471','fas','Ubuntu','14','#f0f8ff'),(969,'123459','123457','123467','dfasdf','Ubuntu','14','#f0f8ff'),(970,'123459','123457','123468','dfasdf','Ubuntu','14','#f0f8ff'),(972,'123459','123457','123470','dfasdf','Ubuntu','14','#f0f8ff'),(973,'123459','123457','123471','dfasdf','Ubuntu','14','#f0f8ff'),(978,'123459','123457','123467','qw','Ubuntu','14','#f0f8ff'),(979,'123459','123457','123468','qw','Ubuntu','14','#f0f8ff'),(981,'123459','123457','123470','qw','Ubuntu','14','#f0f8ff'),(982,'123459','123457','123471','qw','Ubuntu','14','#f0f8ff'),(987,'123459','123457','123467','rwe','Ubuntu','14','#f0f8ff'),(988,'123459','123457','123468','rwe','Ubuntu','14','#f0f8ff'),(990,'123459','123457','123470','rwe','Ubuntu','14','#f0f8ff'),(991,'123459','123457','123471','rwe','Ubuntu','14','#f0f8ff'),(996,'123459','123457','123467','f','Ubuntu','14','#f0f8ff'),(997,'123459','123457','123468','f','Ubuntu','14','#f0f8ff'),(999,'123459','123457','123470','f','Ubuntu','14','#f0f8ff'),(1000,'123459','123457','123471','f','Ubuntu','14','#f0f8ff'),(1005,'123459','123457','123467','as','Ubuntu','14','#f0f8ff'),(1006,'123459','123457','123468','as','Ubuntu','14','#f0f8ff'),(1008,'123459','123457','123470','as','Ubuntu','14','#f0f8ff'),(1009,'123459','123457','123471','as','Ubuntu','14','#f0f8ff'),(1014,'123459','123457','123467','fasd','Ubuntu','14','#f0f8ff'),(1015,'123459','123457','123468','fasd','Ubuntu','14','#f0f8ff'),(1017,'123459','123457','123470','fasd','Ubuntu','14','#f0f8ff'),(1018,'123459','123457','123471','fasd','Ubuntu','14','#f0f8ff'),(1023,'123459','123457','123467','f','Ubuntu','14','#f0f8ff'),(1024,'123459','123457','123468','f','Ubuntu','14','#f0f8ff'),(1026,'123459','123457','123470','f','Ubuntu','14','#f0f8ff'),(1027,'123459','123457','123471','f','Ubuntu','14','#f0f8ff'),(1032,'123459','123457','123467','sdaf','Ubuntu','14','#f0f8ff'),(1033,'123459','123457','123468','sdaf','Ubuntu','14','#f0f8ff'),(1035,'123459','123457','123470','sdaf','Ubuntu','14','#f0f8ff'),(1036,'123459','123457','123471','sdaf','Ubuntu','14','#f0f8ff'),(1041,'123459','123457','123467','q','Ubuntu','14','#f0f8ff'),(1042,'123459','123457','123468','q','Ubuntu','14','#f0f8ff'),(1044,'123459','123457','123470','q','Ubuntu','14','#f0f8ff'),(1045,'123459','123457','123471','q','Ubuntu','14','#f0f8ff'),(1050,'123459','123457','123467','f','Ubuntu','14','#f0f8ff'),(1051,'123459','123457','123468','f','Ubuntu','14','#f0f8ff'),(1053,'123459','123457','123470','f','Ubuntu','14','#f0f8ff'),(1054,'123459','123457','123471','f','Ubuntu','14','#f0f8ff'),(1059,'123459','123457','123467','asd','Ubuntu','14','#f0f8ff'),(1060,'123459','123457','123468','asd','Ubuntu','14','#f0f8ff'),(1062,'123459','123457','123470','asd','Ubuntu','14','#f0f8ff'),(1063,'123459','123457','123471','asd','Ubuntu','14','#f0f8ff'),(1068,'123459','123457','123467','fasd','Ubuntu','14','#f0f8ff'),(1069,'123459','123457','123468','fasd','Ubuntu','14','#f0f8ff'),(1071,'123459','123457','123470','fasd','Ubuntu','14','#f0f8ff'),(1072,'123459','123457','123471','fasd','Ubuntu','14','#f0f8ff'),(1077,'123459','123457','123467','f','Ubuntu','14','#f0f8ff'),(1078,'123459','123457','123468','f','Ubuntu','14','#f0f8ff'),(1080,'123459','123457','123470','f','Ubuntu','14','#f0f8ff'),(1081,'123459','123457','123471','f','Ubuntu','14','#f0f8ff'),(1086,'123459','123457','123467','qw','Ubuntu','14','#f0f8ff'),(1087,'123459','123457','123468','qw','Ubuntu','14','#f0f8ff'),(1089,'123459','123457','123470','qw','Ubuntu','14','#f0f8ff'),(1090,'123459','123457','123471','qw','Ubuntu','14','#f0f8ff'),(1095,'123459','123457','123467','erf','Ubuntu','14','#f0f8ff'),(1096,'123459','123457','123468','erf','Ubuntu','14','#f0f8ff'),(1098,'123459','123457','123470','erf','Ubuntu','14','#f0f8ff'),(1099,'123459','123457','123471','erf','Ubuntu','14','#f0f8ff'),(1104,'123459','123457','123467','saf','Ubuntu','14','#f0f8ff'),(1105,'123459','123457','123468','saf','Ubuntu','14','#f0f8ff'),(1107,'123459','123457','123470','saf','Ubuntu','14','#f0f8ff'),(1108,'123459','123457','123471','saf','Ubuntu','14','#f0f8ff'),(1113,'123459','123457','123467','sd','Ubuntu','14','#f0f8ff'),(1114,'123459','123457','123468','sd','Ubuntu','14','#f0f8ff'),(1116,'123459','123457','123470','sd','Ubuntu','14','#f0f8ff'),(1117,'123459','123457','123471','sd','Ubuntu','14','#f0f8ff'),(1122,'123459','123457','123467','fq','Ubuntu','14','#f0f8ff'),(1123,'123459','123457','123468','fq','Ubuntu','14','#f0f8ff'),(1125,'123459','123457','123470','fq','Ubuntu','14','#f0f8ff'),(1126,'123459','123457','123471','fq','Ubuntu','14','#f0f8ff'),(1131,'123459','123457','123467','wg','Ubuntu','14','#f0f8ff'),(1132,'123459','123457','123468','wg','Ubuntu','14','#f0f8ff'),(1134,'123459','123457','123470','wg','Ubuntu','14','#f0f8ff'),(1135,'123459','123457','123471','wg','Ubuntu','14','#f0f8ff'),(1140,'123459','123457','123467','g','Ubuntu','14','#f0f8ff'),(1141,'123459','123457','123468','g','Ubuntu','14','#f0f8ff'),(1143,'123459','123457','123470','g','Ubuntu','14','#f0f8ff'),(1144,'123459','123457','123471','g','Ubuntu','14','#f0f8ff'),(1149,'123459','123457','123467','asd','Ubuntu','14','#f0f8ff'),(1150,'123459','123457','123468','asd','Ubuntu','14','#f0f8ff'),(1152,'123459','123457','123470','asd','Ubuntu','14','#f0f8ff'),(1153,'123459','123457','123471','asd','Ubuntu','14','#f0f8ff'),(1158,'123459','123457','123467','f','Ubuntu','14','#f0f8ff'),(1159,'123459','123457','123468','f','Ubuntu','14','#f0f8ff'),(1161,'123459','123457','123470','f','Ubuntu','14','#f0f8ff'),(1162,'123459','123457','123471','f','Ubuntu','14','#f0f8ff'),(1167,'123459','123457','123467','asdf','Ubuntu','14','#f0f8ff'),(1168,'123459','123457','123468','asdf','Ubuntu','14','#f0f8ff'),(1170,'123459','123457','123470','asdf','Ubuntu','14','#f0f8ff'),(1171,'123459','123457','123471','asdf','Ubuntu','14','#f0f8ff'),(1176,'123459','123457','123467','asdf','Ubuntu','14','#f0f8ff'),(1177,'123459','123457','123468','asdf','Ubuntu','14','#f0f8ff'),(1179,'123459','123457','123470','asdf','Ubuntu','14','#f0f8ff'),(1180,'123459','123457','123471','asdf','Ubuntu','14','#f0f8ff'),(1185,'123459','123457','123467','q','Ubuntu','14','#f0f8ff'),(1186,'123459','123457','123468','q','Ubuntu','14','#f0f8ff'),(1188,'123459','123457','123470','q','Ubuntu','14','#f0f8ff'),(1189,'123459','123457','123471','q','Ubuntu','14','#f0f8ff'),(1194,'123459','123457','123467','we','Ubuntu','14','#f0f8ff'),(1195,'123459','123457','123468','we','Ubuntu','14','#f0f8ff'),(1197,'123459','123457','123470','we','Ubuntu','14','#f0f8ff'),(1198,'123459','123457','123471','we','Ubuntu','14','#f0f8ff'),(1203,'123459','123457','123467','asfds','Ubuntu','14','#f0f8ff'),(1204,'123459','123457','123468','asfds','Ubuntu','14','#f0f8ff'),(1206,'123459','123457','123470','asfds','Ubuntu','14','#f0f8ff'),(1207,'123459','123457','123471','asfds','Ubuntu','14','#f0f8ff'),(1212,'123459','123457','123467','f','Ubuntu','14','#f0f8ff'),(1213,'123459','123457','123468','f','Ubuntu','14','#f0f8ff'),(1215,'123459','123457','123470','f','Ubuntu','14','#f0f8ff'),(1216,'123459','123457','123471','f','Ubuntu','14','#f0f8ff'),(1221,'123459','123457','123467','asf','Ubuntu','14','#f0f8ff'),(1222,'123459','123457','123468','asf','Ubuntu','14','#f0f8ff'),(1224,'123459','123457','123470','asf','Ubuntu','14','#f0f8ff'),(1225,'123459','123457','123471','asf','Ubuntu','14','#f0f8ff'),(1230,'123459','123457','123467','asd','Ubuntu','14','#f0f8ff'),(1231,'123459','123457','123468','asd','Ubuntu','14','#f0f8ff'),(1233,'123459','123457','123470','asd','Ubuntu','14','#f0f8ff'),(1234,'123459','123457','123471','asd','Ubuntu','14','#f0f8ff'),(1239,'123459','123457','123467','fas','Ubuntu','14','#f0f8ff'),(1240,'123459','123457','123468','fas','Ubuntu','14','#f0f8ff'),(1242,'123459','123457','123470','fas','Ubuntu','14','#f0f8ff'),(1243,'123459','123457','123471','fas','Ubuntu','14','#f0f8ff'),(1248,'123459','123457','123467','df','Ubuntu','14','#f0f8ff'),(1249,'123459','123457','123468','df','Ubuntu','14','#f0f8ff'),(1251,'123459','123457','123470','df','Ubuntu','14','#f0f8ff'),(1252,'123459','123457','123471','df','Ubuntu','14','#f0f8ff'),(1257,'123459','123457','123467','asdf','Ubuntu','14','#f0f8ff'),(1258,'123459','123457','123468','asdf','Ubuntu','14','#f0f8ff'),(1260,'123459','123457','123470','asdf','Ubuntu','14','#f0f8ff'),(1261,'123459','123457','123471','asdf','Ubuntu','14','#f0f8ff'),(1266,'123459','123457','123467','qwe','Ubuntu','14','#f0f8ff'),(1267,'123459','123457','123468','qwe','Ubuntu','14','#f0f8ff'),(1269,'123459','123457','123470','qwe','Ubuntu','14','#f0f8ff'),(1270,'123459','123457','123471','qwe','Ubuntu','14','#f0f8ff'),(1275,'123459','123457','123467','r','Ubuntu','14','#f0f8ff'),(1276,'123459','123457','123468','r','Ubuntu','14','#f0f8ff'),(1278,'123459','123457','123470','r','Ubuntu','14','#f0f8ff'),(1279,'123459','123457','123471','r','Ubuntu','14','#f0f8ff'),(1284,'123459','123457','123467','sdaf','Ubuntu','14','#f0f8ff'),(1285,'123459','123457','123468','sdaf','Ubuntu','14','#f0f8ff'),(1287,'123459','123457','123470','sdaf','Ubuntu','14','#f0f8ff'),(1288,'123459','123457','123471','sdaf','Ubuntu','14','#f0f8ff'),(1293,'123459','123457','123467','va','Ubuntu','14','#f0f8ff'),(1294,'123459','123457','123468','va','Ubuntu','14','#f0f8ff'),(1296,'123459','123457','123470','va','Ubuntu','14','#f0f8ff'),(1297,'123459','123457','123471','va','Ubuntu','14','#f0f8ff'),(1302,'123459','123457','123467','fa','Ubuntu','14','#f0f8ff'),(1303,'123459','123457','123468','fa','Ubuntu','14','#f0f8ff'),(1305,'123459','123457','123470','fa','Ubuntu','14','#f0f8ff'),(1306,'123459','123457','123471','fa','Ubuntu','14','#f0f8ff'),(1311,'123459','123457','123467','sdf','Ubuntu','14','#f0f8ff'),(1312,'123459','123457','123468','sdf','Ubuntu','14','#f0f8ff'),(1314,'123459','123457','123470','sdf','Ubuntu','14','#f0f8ff'),(1315,'123459','123457','123471','sdf','Ubuntu','14','#f0f8ff'),(1320,'123459','123457','123467','aws','Ubuntu','14','#f0f8ff'),(1321,'123459','123457','123468','aws','Ubuntu','14','#f0f8ff'),(1323,'123459','123457','123470','aws','Ubuntu','14','#f0f8ff'),(1324,'123459','123457','123471','aws','Ubuntu','14','#f0f8ff'),(1329,'123459','123457','123467','fs','Ubuntu','14','#f0f8ff'),(1330,'123459','123457','123468','fs','Ubuntu','14','#f0f8ff'),(1332,'123459','123457','123470','fs','Ubuntu','14','#f0f8ff'),(1333,'123459','123457','123471','fs','Ubuntu','14','#f0f8ff'),(1338,'123459','123457','123467','df','Ubuntu','14','#f0f8ff'),(1339,'123459','123457','123468','df','Ubuntu','14','#f0f8ff'),(1341,'123459','123457','123470','df','Ubuntu','14','#f0f8ff'),(1342,'123459','123457','123471','df','Ubuntu','14','#f0f8ff'),(1347,'123459','123457','123467','asd','Ubuntu','14','#f0f8ff'),(1348,'123459','123457','123468','asd','Ubuntu','14','#f0f8ff'),(1350,'123459','123457','123470','asd','Ubuntu','14','#f0f8ff'),(1351,'123459','123457','123471','asd','Ubuntu','14','#f0f8ff'),(1356,'123459','123457','123467','fsda','Ubuntu','14','#f0f8ff'),(1357,'123459','123457','123468','fsda','Ubuntu','14','#f0f8ff'),(1359,'123459','123457','123470','fsda','Ubuntu','14','#f0f8ff'),(1360,'123459','123457','123471','fsda','Ubuntu','14','#f0f8ff'),(1365,'123459','123457','123467','f','Ubuntu','14','#f0f8ff'),(1366,'123459','123457','123468','f','Ubuntu','14','#f0f8ff'),(1368,'123459','123457','123470','f','Ubuntu','14','#f0f8ff'),(1369,'123459','123457','123471','f','Ubuntu','14','#f0f8ff'),(1374,'123459','123457','123467','sadf','Ubuntu','14','#f0f8ff'),(1375,'123459','123457','123468','sadf','Ubuntu','14','#f0f8ff'),(1377,'123459','123457','123470','sadf','Ubuntu','14','#f0f8ff'),(1378,'123459','123457','123471','sadf','Ubuntu','14','#f0f8ff'),(1383,'123459','123457','123467','sda','Ubuntu','14','#f0f8ff'),(1384,'123459','123457','123468','sda','Ubuntu','14','#f0f8ff'),(1386,'123459','123457','123470','sda','Ubuntu','14','#f0f8ff'),(1387,'123459','123457','123471','sda','Ubuntu','14','#f0f8ff'),(1392,'123459','123457','123467','fs','Ubuntu','14','#f0f8ff'),(1393,'123459','123457','123468','fs','Ubuntu','14','#f0f8ff'),(1395,'123459','123457','123470','fs','Ubuntu','14','#f0f8ff'),(1396,'123459','123457','123471','fs','Ubuntu','14','#f0f8ff'),(1401,'123459','123457','123467','adf','Ubuntu','14','#f0f8ff'),(1402,'123459','123457','123468','adf','Ubuntu','14','#f0f8ff'),(1404,'123459','123457','123470','adf','Ubuntu','14','#f0f8ff'),(1405,'123459','123457','123471','adf','Ubuntu','14','#f0f8ff'),(1410,'123459','123457','123467','asd','Ubuntu','14','#f0f8ff'),(1411,'123459','123457','123468','asd','Ubuntu','14','#f0f8ff'),(1413,'123459','123457','123470','asd','Ubuntu','14','#f0f8ff'),(1414,'123459','123457','123471','asd','Ubuntu','14','#f0f8ff'),(1419,'123459','123457','123467','fas','Ubuntu','14','#f0f8ff'),(1420,'123459','123457','123468','fas','Ubuntu','14','#f0f8ff'),(1422,'123459','123457','123470','fas','Ubuntu','14','#f0f8ff'),(1423,'123459','123457','123471','fas','Ubuntu','14','#f0f8ff'),(1428,'123459','123457','123467','df','Ubuntu','14','#f0f8ff'),(1429,'123459','123457','123468','df','Ubuntu','14','#f0f8ff'),(1431,'123459','123457','123470','df','Ubuntu','14','#f0f8ff'),(1432,'123459','123457','123471','df','Ubuntu','14','#f0f8ff'),(1437,'123459','123457','123467','asd','Ubuntu','14','#f0f8ff'),(1438,'123459','123457','123468','asd','Ubuntu','14','#f0f8ff'),(1440,'123459','123457','123470','asd','Ubuntu','14','#f0f8ff'),(1441,'123459','123457','123471','asd','Ubuntu','14','#f0f8ff'),(1446,'123459','123457','123467','fa','Ubuntu','14','#f0f8ff'),(1447,'123459','123457','123468','fa','Ubuntu','14','#f0f8ff'),(1449,'123459','123457','123470','fa','Ubuntu','14','#f0f8ff'),(1450,'123459','123457','123471','fa','Ubuntu','14','#f0f8ff'),(1455,'123459','123457','123467','sdf','Ubuntu','14','#f0f8ff'),(1456,'123459','123457','123468','sdf','Ubuntu','14','#f0f8ff'),(1458,'123459','123457','123470','sdf','Ubuntu','14','#f0f8ff'),(1459,'123459','123457','123471','sdf','Ubuntu','14','#f0f8ff'),(1464,'123459','123457','123467','asd','Ubuntu','14','#f0f8ff'),(1465,'123459','123457','123468','asd','Ubuntu','14','#f0f8ff'),(1467,'123459','123457','123470','asd','Ubuntu','14','#f0f8ff'),(1468,'123459','123457','123471','asd','Ubuntu','14','#f0f8ff'),(1473,'123459','123457','123467','fsad','Ubuntu','14','#f0f8ff'),(1474,'123459','123457','123468','fsad','Ubuntu','14','#f0f8ff'),(1476,'123459','123457','123470','fsad','Ubuntu','14','#f0f8ff'),(1477,'123459','123457','123471','fsad','Ubuntu','14','#f0f8ff'),(1482,'123459','123457','123467','f','Ubuntu','14','#f0f8ff'),(1483,'123459','123457','123468','f','Ubuntu','14','#f0f8ff'),(1485,'123459','123457','123470','f','Ubuntu','14','#f0f8ff'),(1486,'123459','123457','123471','f','Ubuntu','14','#f0f8ff'),(1491,'123459','123457','123467','asdf','Ubuntu','14','#f0f8ff'),(1492,'123459','123457','123468','asdf','Ubuntu','14','#f0f8ff'),(1494,'123459','123457','123470','asdf','Ubuntu','14','#f0f8ff'),(1495,'123459','123457','123471','asdf','Ubuntu','14','#f0f8ff'),(1497,'123456','123457','123459','fasd','Ubuntu','14','#f0f8ff'),(1502,'123456','123457','123467','fasd','Ubuntu','14','#f0f8ff'),(1503,'123456','123457','123468','fasd','Ubuntu','14','#f0f8ff'),(1505,'123456','123457','123470','fasd','Ubuntu','14','#f0f8ff'),(1506,'123456','123457','123471','fasd','Ubuntu','14','#f0f8ff'),(1510,'123456','123457','123459','asdf','Ubuntu','14','#f0f8ff'),(1514,'123456','123457','123467','asdf','Ubuntu','14','#f0f8ff'),(1515,'123456','123457','123468','asdf','Ubuntu','14','#f0f8ff'),(1517,'123456','123457','123470','asdf','Ubuntu','14','#f0f8ff'),(1518,'123456','123457','123471','asdf','Ubuntu','14','#f0f8ff'),(1519,'123456','123457','123459','fasdf','Ubuntu','14','#f0f8ff'),(1523,'123456','123457','123467','fasdf','Ubuntu','14','#f0f8ff'),(1524,'123456','123457','123468','fasdf','Ubuntu','14','#f0f8ff'),(1526,'123456','123457','123470','fasdf','Ubuntu','14','#f0f8ff'),(1527,'123456','123457','123471','fasdf','Ubuntu','14','#f0f8ff'),(1528,'123456','123457','123459','afdasdfasdf','Ubuntu','14','#f0f8ff'),(1532,'123456','123457','123467','afdasdfasdf','Ubuntu','14','#f0f8ff'),(1533,'123456','123457','123468','afdasdfasdf','Ubuntu','14','#f0f8ff'),(1535,'123456','123457','123470','afdasdfasdf','Ubuntu','14','#f0f8ff'),(1536,'123456','123457','123471','afdasdfasdf','Ubuntu','14','#f0f8ff'),(1537,'123460','123457','123459','fasd','Ubuntu','14','#f0f8ff'),(1541,'123460','123457','123467','fasd','Ubuntu','14','#f0f8ff'),(1542,'123460','123457','123468','fasd','Ubuntu','14','#f0f8ff'),(1544,'123460','123457','123470','fasd','Ubuntu','14','#f0f8ff'),(1545,'123460','123457','123471','fasd','Ubuntu','14','#f0f8ff'),(1546,'123460','123457','123459','fsadfsda','Ubuntu','14','#f0f8ff'),(1550,'123460','123457','123467','fsadfsda','Ubuntu','14','#f0f8ff'),(1551,'123460','123457','123468','fsadfsda','Ubuntu','14','#f0f8ff'),(1553,'123460','123457','123470','fsadfsda','Ubuntu','14','#f0f8ff'),(1554,'123460','123457','123471','fsadfsda','Ubuntu','14','#f0f8ff'),(1557,'123457','123457','123459','Hello everyone, <img src=\":/Resource/face/13.gif\" />I am liuzheng.','Ubuntu','14','#000000'),(1560,'123457','123457','123465','Hello everyone, <img src=\":/Resource/face/13.gif\" />I am liuzheng.','Ubuntu','14','#000000'),(1562,'123457','123457','123467','Hello everyone, <img src=\":/Resource/face/13.gif\" />I am liuzheng.','Ubuntu','14','#000000'),(1563,'123457','123457','123468','Hello everyone, <img src=\":/Resource/face/13.gif\" />I am liuzheng.','Ubuntu','14','#000000'),(1565,'123457','123457','123470','Hello everyone, <img src=\":/Resource/face/13.gif\" />I am liuzheng.','Ubuntu','14','#000000'),(1566,'123457','123457','123471','Hello everyone, <img src=\":/Resource/face/13.gif\" />I am liuzheng.','Ubuntu','14','#000000'),(1568,'123456','123457','123459','大家好， 我是刘正<img src=\":/Resource/face/16.gif\" />','Ubuntu','14','#000000'),(1570,'123456','123457','123465','大家好， 我是刘正<img src=\":/Resource/face/16.gif\" />','Ubuntu','14','#000000'),(1572,'123456','123457','123467','大家好， 我是刘正<img src=\":/Resource/face/16.gif\" />','Ubuntu','14','#000000'),(1573,'123456','123457','123468','大家好， 我是刘正<img src=\":/Resource/face/16.gif\" />','Ubuntu','14','#000000'),(1575,'123456','123457','123470','大家好， 我是刘正<img src=\":/Resource/face/16.gif\" />','Ubuntu','14','#000000'),(1576,'123456','123457','123471','大家好， 我是刘正<img src=\":/Resource/face/16.gif\" />','Ubuntu','14','#000000'),(1578,'123460','123457','123459','大家好，我是学霸','Ubuntu','14','#000000'),(1580,'123460','123457','123465','大家好，我是学霸','Ubuntu','14','#000000'),(1582,'123460','123457','123467','大家好，我是学霸','Ubuntu','14','#000000'),(1583,'123460','123457','123468','大家好，我是学霸','Ubuntu','14','#000000'),(1585,'123460','123457','123470','大家好，我是学霸','Ubuntu','14','#000000'),(1586,'123460','123457','123471','大家好，我是学霸','Ubuntu','14','#000000'),(1588,'123456','123457','123459','大家好，我是liu zheng.<img src=\":/Resource/face/40.gif\" />','Ubuntu','14','#000000'),(1590,'123456','123457','123465','大家好，我是liu zheng.<img src=\":/Resource/face/40.gif\" />','Ubuntu','14','#000000'),(1592,'123456','123457','123467','大家好，我是liu zheng.<img src=\":/Resource/face/40.gif\" />','Ubuntu','14','#000000'),(1593,'123456','123457','123468','大家好，我是liu zheng.<img src=\":/Resource/face/40.gif\" />','Ubuntu','14','#000000'),(1595,'123456','123457','123470','大家好，我是liu zheng.<img src=\":/Resource/face/40.gif\" />','Ubuntu','14','#000000'),(1596,'123456','123457','123471','大家好，我是liu zheng.<img src=\":/Resource/face/40.gif\" />','Ubuntu','14','#000000'),(1598,'123460','123457','123459','<img src=\":/Resource/face/33.gif\" />','Ubuntu','14','#000000'),(1600,'123460','123457','123465','<img src=\":/Resource/face/33.gif\" />','Ubuntu','14','#000000'),(1602,'123460','123457','123467','<img src=\":/Resource/face/33.gif\" />','Ubuntu','14','#000000'),(1603,'123460','123457','123468','<img src=\":/Resource/face/33.gif\" />','Ubuntu','14','#000000'),(1605,'123460','123457','123470','<img src=\":/Resource/face/33.gif\" />','Ubuntu','14','#000000'),(1606,'123460','123457','123471','<img src=\":/Resource/face/33.gif\" />','Ubuntu','14','#000000'),(1608,'123456','123457','123459','<img src=\":/Resource/face/28.gif\" />','Ubuntu','14','#000000'),(1610,'123456','123457','123465','<img src=\":/Resource/face/28.gif\" />','Ubuntu','14','#000000'),(1612,'123456','123457','123467','<img src=\":/Resource/face/28.gif\" />','Ubuntu','14','#000000'),(1613,'123456','123457','123468','<img src=\":/Resource/face/28.gif\" />','Ubuntu','14','#000000'),(1615,'123456','123457','123470','<img src=\":/Resource/face/28.gif\" />','Ubuntu','14','#000000'),(1616,'123456','123457','123471','<img src=\":/Resource/face/28.gif\" />','Ubuntu','14','#000000'),(1618,'123457','123457','123459','hello','Ubuntu','14','#000000'),(1621,'123457','123457','123465','hello','Ubuntu','14','#000000'),(1623,'123457','123457','123467','hello','Ubuntu','14','#000000'),(1624,'123457','123457','123468','hello','Ubuntu','14','#000000'),(1625,'123457','123457','123469','hello','Ubuntu','14','#000000'),(1626,'123457','123457','123470','hello','Ubuntu','14','#000000'),(1627,'123457','123457','123471','hello','Ubuntu','14','#000000'),(1628,'123457','123457','123459','i am zhang ','Ubuntu','14','#000000'),(1631,'123457','123457','123465','i am zhang ','Ubuntu','14','#000000'),(1633,'123457','123457','123467','i am zhang ','Ubuntu','14','#000000'),(1634,'123457','123457','123468','i am zhang ','Ubuntu','14','#000000'),(1635,'123457','123457','123469','i am zhang ','Ubuntu','14','#000000'),(1636,'123457','123457','123470','i am zhang ','Ubuntu','14','#000000'),(1637,'123457','123457','123471','i am zhang ','Ubuntu','14','#000000'),(1639,'123456','123456','123465','fsadf','Ubuntu','14','#000000'),(1642,'123456','123456','123465','<br />','Ubuntu','14','#000000'),(1644,'123457','123457','123459','afsd','Ubuntu','14','#000000'),(1647,'123457','123457','123465','afsd','Ubuntu','14','#000000'),(1649,'123457','123457','123467','afsd','Ubuntu','14','#000000'),(1650,'123457','123457','123468','afsd','Ubuntu','14','#000000'),(1651,'123457','123457','123469','afsd','Ubuntu','14','#000000'),(1652,'123457','123457','123470','afsd','Ubuntu','14','#000000'),(1653,'123457','123457','123471','afsd','Ubuntu','14','#000000'),(1654,'123456','123457','123459','fasdfsd','Ubuntu','14','#000000'),(1657,'123456','123457','123465','fasdfsd','Ubuntu','14','#000000'),(1659,'123456','123457','123467','fasdfsd','Ubuntu','14','#000000'),(1660,'123456','123457','123468','fasdfsd','Ubuntu','14','#000000'),(1661,'123456','123457','123469','fasdfsd','Ubuntu','14','#000000'),(1662,'123456','123457','123470','fasdfsd','Ubuntu','14','#000000'),(1663,'123456','123457','123471','fasdfsd','Ubuntu','14','#000000'),(1665,'123456','123456','123465','我是谁','Ubuntu','14','#000000'),(1667,'123460','123456','123465','<img src=\":/Resource/face/1.gif\" />','Ubuntu','14','#000000'),(1669,'123457','123457','123459','发撒旦','Ubuntu','14','#000000'),(1670,'123457','123457','123460','发撒旦','Ubuntu','14','#000000'),(1671,'123457','123457','123461','发撒旦','Ubuntu','14','#000000'),(1672,'123457','123457','123465','发撒旦','Ubuntu','14','#000000'),(1674,'123457','123457','123467','发撒旦','Ubuntu','14','#000000'),(1675,'123457','123457','123468','发撒旦','Ubuntu','14','#000000'),(1676,'123457','123457','123469','发撒旦','Ubuntu','14','#000000'),(1677,'123457','123457','123470','发撒旦','Ubuntu','14','#000000'),(1678,'123457','123457','123471','发撒旦','Ubuntu','14','#000000'),(1679,'123456','123457','123459','让我企鹅','Ubuntu','14','#000000'),(1680,'123456','123457','123460','让我企鹅','Ubuntu','14','#000000'),(1681,'123456','123457','123461','让我企鹅','Ubuntu','14','#000000'),(1682,'123456','123457','123465','让我企鹅','Ubuntu','14','#000000'),(1684,'123456','123457','123467','让我企鹅','Ubuntu','14','#000000'),(1685,'123456','123457','123468','让我企鹅','Ubuntu','14','#000000'),(1686,'123456','123457','123469','让我企鹅','Ubuntu','14','#000000'),(1687,'123456','123457','123470','让我企鹅','Ubuntu','14','#000000'),(1688,'123456','123457','123471','让我企鹅','Ubuntu','14','#000000'),(1713,'123466','123456','123460','qrwe','Ubuntu','14','#000000'),(1714,'123466','123456','123465','qrwe','Ubuntu','14','#000000'),(2166,'123457','123459','123461','fadsfsdf','Ubuntu','14','#000000'),(2169,'123456','123461','123463','gsdfgsdf','Ubuntu','14','#000000'),(2171,'123473','123462','123461','dasdas','Ubuntu','14','#000000'),(2172,'123473','123462','123466','dasdas','Ubuntu','14','#000000'),(2173,'123473','123462','123468','dasdas','Ubuntu','14','#000000'),(2175,'123456','123462','123461','dasdas','Ubuntu','14','#000000'),(2176,'123456','123462','123466','dasdas','Ubuntu','14','#000000'),(2177,'123456','123462','123468','dasdas','Ubuntu','14','#000000');
/*!40000 ALTER TABLE `chat_group_offlinemessage` ENABLE KEYS */;
UNLOCK TABLES;

--
-- Table structure for table `chat_groupmember`
--

DROP TABLE IF EXISTS `chat_groupmember`;
/*!40101 SET @saved_cs_client     = @@character_set_client */;
/*!40101 SET character_set_client = utf8 */;
CREATE TABLE `chat_groupmember` (
  `id` bigint(20) NOT NULL AUTO_INCREMENT,
  `groupid` char(8) NOT NULL,
  `memberid` char(10) NOT NULL,
  PRIMARY KEY (`id`),
  KEY `chat_groupmember_ibfk_2` (`memberid`),
  KEY `chat_groupmember_ibfk_1` (`groupid`),
  CONSTRAINT `chat_groupmember_ibfk_1` FOREIGN KEY (`groupid`) REFERENCES `chat_group` (`groupid`) ON DELETE CASCADE,
  CONSTRAINT `chat_groupmember_ibfk_2` FOREIGN KEY (`memberid`) REFERENCES `user` (`userid`) ON DELETE CASCADE
) ENGINE=InnoDB AUTO_INCREMENT=72 DEFAULT CHARSET=utf8;
/*!40101 SET character_set_client = @saved_cs_client */;

--
-- Dumping data for table `chat_groupmember`
--

LOCK TABLES `chat_groupmember` WRITE;
/*!40000 ALTER TABLE `chat_groupmember` DISABLE KEYS */;
INSERT INTO `chat_groupmember` VALUES (36,'123456','123456'),(37,'123456','123460'),(38,'123456','123465'),(39,'123456','123466'),(40,'123457','123456'),(42,'123457','123459'),(43,'123457','123460'),(44,'123457','123461'),(45,'123457','123465'),(46,'123457','123466'),(47,'123457','123467'),(48,'123457','123468'),(49,'123457','123469'),(50,'123457','123470'),(51,'123457','123471'),(52,'123458','123456'),(54,'123458','123466'),(56,'123459','123456'),(57,'123459','123461'),(62,'123460','123459'),(63,'123461','123457'),(64,'123461','123456'),(65,'123461','123463'),(67,'123462','123457'),(68,'123462','123461'),(69,'123462','123466'),(70,'123462','123468'),(71,'123462','123473');
/*!40000 ALTER TABLE `chat_groupmember` ENABLE KEYS */;
UNLOCK TABLES;

--
-- Table structure for table `chatlog`
--

DROP TABLE IF EXISTS `chatlog`;
/*!40101 SET @saved_cs_client     = @@character_set_client */;
/*!40101 SET character_set_client = utf8 */;
CREATE TABLE `chatlog` (
  `id` bigint(20) NOT NULL AUTO_INCREMENT,
  `senderid` char(10) NOT NULL,
  `receiverid` char(10) NOT NULL,
  `content` text,
  `fontfamliy` varchar(50) DEFAULT NULL,
  `fontsize` char(3) DEFAULT NULL,
  `fontcolor` char(20) DEFAULT NULL,
  PRIMARY KEY (`id`),
  KEY `chatlog_ibfk_1` (`senderid`),
  KEY `chatlog_ibfk_2` (`receiverid`),
  CONSTRAINT `chatlog_ibfk_1` FOREIGN KEY (`senderid`) REFERENCES `friendlist` (`friendid`) ON DELETE CASCADE,
  CONSTRAINT `chatlog_ibfk_2` FOREIGN KEY (`receiverid`) REFERENCES `friendlist` (`friendid`) ON DELETE CASCADE
) ENGINE=InnoDB AUTO_INCREMENT=190 DEFAULT CHARSET=utf8;
/*!40101 SET character_set_client = @saved_cs_client */;

--
-- Dumping data for table `chatlog`
--

LOCK TABLES `chatlog` WRITE;
/*!40000 ALTER TABLE `chatlog` DISABLE KEYS */;
INSERT INTO `chatlog` VALUES (124,'123467','123466','qwerqewr','Ubuntu','14','#f0f8ff'),(125,'123466','123467','rwerwer','Ubuntu','14','#f0f8ff'),(126,'123467','123466','rqwerwer','Ubuntu','14','#f0f8ff'),(127,'123467','123466','rqwerwe','Ubuntu','14','#f0f8ff'),(128,'123466','123467','rqwerqwer','Ubuntu','14','#f0f8ff'),(129,'123466','123467','<span style=\" color:#00ffff;\">qrwerqwe</span>','Ubuntu','14','#00ffff'),(130,'123466','123467','<span style=\" color:#00ffff;\">qrwerqwer</span>','Ubuntu','14','#00ffff'),(131,'123466','123467','<span style=\" color:#00ffff;\">qrwerqwer</span>','Ubuntu','14','#00ffff'),(132,'123466','123467','<span style=\" color:#00ffff;\">rqwerqwer</span>','Ubuntu','14','#00ffff'),(133,'123466','123467','<span style=\" color:#00ffff;\">rqwerqwer</span>','Ubuntu','14','#00ffff'),(134,'123466','123467','<span style=\" color:#00ffff;\">qrwerqwe</span>','Ubuntu','14','#00ffff'),(173,'123460','123457','qrwerq','Ubuntu','14','#f0f8ff'),(174,'123457','123460','rweqr','Ubuntu','14','#f0f8ff'),(175,'123460','123457','rqwer','Ubuntu','14','#f0f8ff'),(176,'123457','123456','ni shi shui ?','Ubuntu','14','#000000'),(177,'123456','123457','asfd','Ubuntu','14','#000000'),(178,'123457','123456','afsd','Ubuntu','14','#000000'),(179,'123456','123457','<img src=\":/Resource/face/52.gif\" />','Ubuntu','14','#000000'),(180,'123456','123457','<span style=\" color:#dc143c;\">AS</span>','Ubuntu','24','#dc143c'),(181,'123456','123460','你猜我是谁','Ubuntu','14','#000000'),(182,'123460','123456','我是','Ubuntu','14','#000000'),(183,'123456','123457','<img src=\":/Resource/face/28.gif\" />','Ubuntu','14','#000000'),(184,'123456','123466','<img src=\":/Resource/face/61.gif\" />','Ubuntu','14','#000000'),(185,'123473','123456','dasds','Ubuntu','14','#000000'),(186,'123456','123473','<img src=\":/Resource/face/38.gif\" />','Ubuntu','14','#000000'),(187,'123456','123473','sd','Ubuntu','14','#000000'),(188,'123456','123473','ds','Ubuntu','14','#000000'),(189,'123456','123457','dasdas','Ubuntu','14','#000000');
/*!40000 ALTER TABLE `chatlog` ENABLE KEYS */;
UNLOCK TABLES;

--
-- Table structure for table `friendlist`
--

DROP TABLE IF EXISTS `friendlist`;
/*!40101 SET @saved_cs_client     = @@character_set_client */;
/*!40101 SET character_set_client = utf8 */;
CREATE TABLE `friendlist` (
  `userid` char(10) NOT NULL,
  `friendid` char(10) NOT NULL,
  `remark` varchar(40) DEFAULT NULL,
  `groupid` int(11) NOT NULL,
  `infochanged` int(11) NOT NULL,
  PRIMARY KEY (`userid`,`friendid`),
  KEY `friendlist_ibfk_2` (`friendid`),
  KEY `groupid` (`groupid`),
  CONSTRAINT `friendlist_ibfk_1` FOREIGN KEY (`userid`) REFERENCES `user` (`userid`) ON DELETE CASCADE,
  CONSTRAINT `friendlist_ibfk_2` FOREIGN KEY (`friendid`) REFERENCES `user` (`userid`) ON DELETE CASCADE,
  CONSTRAINT `groupid` FOREIGN KEY (`groupid`) REFERENCES `chat_friend_group` (`groupid`) ON DELETE CASCADE
) ENGINE=InnoDB DEFAULT CHARSET=utf8;
/*!40101 SET character_set_client = @saved_cs_client */;

--
-- Dumping data for table `friendlist`
--

LOCK TABLES `friendlist` WRITE;
/*!40000 ALTER TABLE `friendlist` DISABLE KEYS */;
INSERT INTO `friendlist` VALUES ('123456','123457',NULL,17,0),('123456','123459',NULL,17,0),('123456','123460',NULL,17,0),('123456','123461',NULL,17,0),('123456','123465',NULL,17,0),('123456','123466',NULL,56,0),('123456','123467',NULL,56,0),('123456','123468',NULL,56,0),('123456','123469',NULL,17,0),('123456','123470',NULL,17,0),('123456','123471',NULL,17,0),('123456','123472',NULL,17,0),('123456','123473',NULL,17,0),('123457','123456',NULL,18,0),('123457','123459',NULL,18,0),('123457','123460',NULL,18,0),('123457','123461',NULL,58,0),('123457','123462',NULL,58,0),('123457','123463',NULL,58,0),('123459','123456',NULL,20,0),('123459','123457',NULL,20,0),('123460','123456',NULL,21,0),('123460','123457',NULL,21,0),('123461','123456',NULL,22,0),('123461','123457',NULL,59,0),('123462','123457',NULL,23,0),('123463','123457',NULL,24,0),('123465','123456',NULL,60,0),('123466','123456',NULL,51,0),('123466','123467',NULL,51,0),('123467','123456',NULL,52,0),('123467','123466',NULL,52,0),('123468','123456',NULL,53,0),('123469','123456',NULL,54,0),('123470','123456',NULL,55,0),('123471','123456',NULL,57,0),('123472','123456',NULL,63,0),('123473','123456',NULL,64,0);
/*!40000 ALTER TABLE `friendlist` ENABLE KEYS */;
UNLOCK TABLES;

--
-- Table structure for table `offlinemessage`
--

DROP TABLE IF EXISTS `offlinemessage`;
/*!40101 SET @saved_cs_client     = @@character_set_client */;
/*!40101 SET character_set_client = utf8 */;
CREATE TABLE `offlinemessage` (
  `id` bigint(20) NOT NULL AUTO_INCREMENT,
  `senderid` char(10) NOT NULL,
  `receiverid` char(10) NOT NULL,
  `content` text,
  `fontfamliy` varchar(50) DEFAULT NULL,
  `fontsize` char(3) DEFAULT NULL,
  `fontcolor` char(20) DEFAULT NULL,
  PRIMARY KEY (`id`),
  KEY `offlinemessage_ibfk_1` (`senderid`),
  KEY `offlinemessage_ibfk_2` (`receiverid`),
  CONSTRAINT `offlinemessage_ibfk_1` FOREIGN KEY (`senderid`) REFERENCES `friendlist` (`friendid`) ON DELETE CASCADE,
  CONSTRAINT `offlinemessage_ibfk_2` FOREIGN KEY (`receiverid`) REFERENCES `friendlist` (`friendid`) ON DELETE CASCADE
) ENGINE=InnoDB DEFAULT CHARSET=utf8;
/*!40101 SET character_set_client = @saved_cs_client */;

--
-- Dumping data for table `offlinemessage`
--

LOCK TABLES `offlinemessage` WRITE;
/*!40000 ALTER TABLE `offlinemessage` DISABLE KEYS */;
/*!40000 ALTER TABLE `offlinemessage` ENABLE KEYS */;
UNLOCK TABLES;

--
-- Table structure for table `user`
--

DROP TABLE IF EXISTS `user`;
/*!40101 SET @saved_cs_client     = @@character_set_client */;
/*!40101 SET character_set_client = utf8 */;
CREATE TABLE `user` (
  `userid` char(10) NOT NULL,
  `password` varchar(130) NOT NULL,
  PRIMARY KEY (`userid`),
  UNIQUE KEY `userid` (`userid`)
) ENGINE=InnoDB DEFAULT CHARSET=utf8;
/*!40101 SET character_set_client = @saved_cs_client */;

--
-- Dumping data for table `user`
--

LOCK TABLES `user` WRITE;
/*!40000 ALTER TABLE `user` DISABLE KEYS */;
INSERT INTO `user` VALUES ('123455','zheshiyigemeiyouyongdemima'),('123456','7c4a8d09ca3762af61e59520943dc26494f8941b'),('123457','7c4a8d09ca3762af61e59520943dc26494f8941b'),('123459','7c4a8d09ca3762af61e59520943dc26494f8941b'),('123460','7c4a8d09ca3762af61e59520943dc26494f8941b'),('123461','7c4a8d09ca3762af61e59520943dc26494f8941b'),('123462','7c4a8d09ca3762af61e59520943dc26494f8941b'),('123463','7c4a8d09ca3762af61e59520943dc26494f8941b'),('123464','7c4a8d09ca3762af61e59520943dc26494f8941b'),('123465','7c4a8d09ca3762af61e59520943dc26494f8941b'),('123466','7c4a8d09ca3762af61e59520943dc26494f8941b'),('123467','7c4a8d09ca3762af61e59520943dc26494f8941b'),('123468','7c4a8d09ca3762af61e59520943dc26494f8941b'),('123469','7c4a8d09ca3762af61e59520943dc26494f8941b'),('123470','7c4a8d09ca3762af61e59520943dc26494f8941b'),('123471','7c4a8d09ca3762af61e59520943dc26494f8941b'),('123472','7c4a8d09ca3762af61e59520943dc26494f8941b'),('123473','7c4a8d09ca3762af61e59520943dc26494f8941b');
/*!40000 ALTER TABLE `user` ENABLE KEYS */;
UNLOCK TABLES;

--
-- Table structure for table `userinfo`
--

DROP TABLE IF EXISTS `userinfo`;
/*!40101 SET @saved_cs_client     = @@character_set_client */;
/*!40101 SET character_set_client = utf8 */;
CREATE TABLE `userinfo` (
  `userid` char(10) NOT NULL,
  `username` varchar(20) NOT NULL,
  `birthofdate` date DEFAULT '1999-01-01',
  `sex` char(2) DEFAULT '男',
  `personalizedsignature` varchar(200) DEFAULT '“DEMO”',
  `mobile` char(11) DEFAULT '15367877419',
  `mail` varchar(30) DEFAULT '保密',
  `registertime` timestamp NOT NULL DEFAULT CURRENT_TIMESTAMP,
  `imagepath` varchar(50) DEFAULT 'http://127.0.0.1/default.png',
  PRIMARY KEY (`userid`),
  CONSTRAINT `userinfo_ibfk_1` FOREIGN KEY (`userid`) REFERENCES `user` (`userid`) ON DELETE CASCADE
) ENGINE=InnoDB DEFAULT CHARSET=utf8;
/*!40101 SET character_set_client = @saved_cs_client */;

--
-- Dumping data for table `userinfo`
--

LOCK TABLES `userinfo` WRITE;
/*!40000 ALTER TABLE `userinfo` DISABLE KEYS */;
INSERT INTO `userinfo` VALUES ('123456','刘正','1996-06-27','男','这是一个基于Linux','15367877419','779564531@qq.com','2017-07-02 00:51:23','http://127.0.0.1/123456.jpg'),('123457','张书铭','1996-05-29','男','软件3班的学生。有严重的拖延症','15367877419','779564531@qq.com','2017-07-02 00:56:28','http://127.0.0.1/123457.jpg'),('123459','王誉哲','1996-06-27','男','软件三班学委，比我胖','15367877419','779564531@qq.com','2017-07-02 00:59:19','http://127.0.0.1/123459.jpg'),('123460','周铭灯','1996-06-27','男','软件三班的大学霸。全能型人才。。','15367877419','779564531@qq.com','2017-07-02 01:00:57','http://127.0.0.1/123460.jpg'),('123461','李晓玲','1996-06-27','男','李晓令不是李晓玲也不是李小令','15367877419','779564531@qq.com','2017-07-02 01:01:56','http://127.0.0.1/123461.jpg'),('123462','樊星辰','1996-06-27','男','走，去跳伞','15367877419','123435@qq.com','2017-07-02 01:03:11','http://127.0.0.1/123462.jpg'),('123463','提莫','1996-06-27','男','LOL中比较萌的英雄之一，但是 不止于萌','15367877419','lol@lol.com','2017-07-02 01:04:00','http://127.0.0.1/123463.jpg'),('123464','麦林炮手','1996-06-27','男','提莫是我的男朋友','15367877419','mlps@lol.com','2017-07-02 01:05:10','http://127.0.0.1/123464.jpg'),('123465','马光亚','1996-06-27','男','软三最帅的胖子。','15367877419','779564531@qq.com','2017-07-03 05:32:05','http://127.0.0.1/123465.jpg'),('123466','李丽娟','1996-06-27','女','做的电影网站感觉很不错哦。。听说她的李胖子。','15367877419','779564531@qq.com','2017-07-03 05:48:40','http://127.0.0.1/123466.jpg'),('123467','董君','1996-06-27','女','很喜欢小君君的，瘦瘦的很喜欢啊。。','15367877419','779564531@qq.com','2017-07-03 05:50:00','http://127.0.0.1/123467.jpg'),('123468','万文静','1996-06-27','女','这是个都比','15367877419','779564531@qq.com','2017-07-03 05:52:35','http://127.0.0.1/123468.jpg'),('123469','刘星','1996-06-27','男','lol大神','15367877419','779564531@qq.com','2017-07-03 05:53:13','http://127.0.0.1/123469.jpg'),('123470','蒋志强','1996-06-27','男','篮球小王子。。足球迷','15367877419','779564531@qq.com','2017-07-03 05:53:59','http://127.0.0.1/123470.jpg'),('123471','高腾','1996-06-27','男','一天接的电话很多啊','15367877419','779564531@qq.com','2017-07-03 13:35:41','http://127.0.0.1/123471.jpg'),('123472','DEMO','1996-06-27','女','123472','15367877419','779564531@qq.com','2017-07-05 23:18:53','http://127.0.0.1/123472.jpg'),('123473','Test1','1996-06-27','男','asdasdafs','15367877419','779564531@qq.com','2017-07-06 00:20:41','http://127.0.0.1/123473.jpg');
/*!40000 ALTER TABLE `userinfo` ENABLE KEYS */;
UNLOCK TABLES;
/*!40103 SET TIME_ZONE=@OLD_TIME_ZONE */;

/*!40101 SET SQL_MODE=@OLD_SQL_MODE */;
/*!40014 SET FOREIGN_KEY_CHECKS=@OLD_FOREIGN_KEY_CHECKS */;
/*!40014 SET UNIQUE_CHECKS=@OLD_UNIQUE_CHECKS */;
/*!40101 SET CHARACTER_SET_CLIENT=@OLD_CHARACTER_SET_CLIENT */;
/*!40101 SET CHARACTER_SET_RESULTS=@OLD_CHARACTER_SET_RESULTS */;
/*!40101 SET COLLATION_CONNECTION=@OLD_COLLATION_CONNECTION */;
/*!40111 SET SQL_NOTES=@OLD_SQL_NOTES */;

-- Dump completed on 2017-07-07 15:14:02
